{
  "btc": {
    "priority": 100,
    "iso_code": "BTC",
    "name": "Bitcoin",
    "symbol": "₿",
    "alternate_symbols": [],
    "subunit": "Satoshi",
    "subunit_to_unit": 100000000,
    "symbol_first": true,
    "html_entity": "&#x20bf;",
    "decimal_mark": ".",
    "thousands_separator": ",",
    "iso_numeric": "",
    "smallest_denomination": 1
  },
  "jep": {
    "priority": 100,
    "iso_code": "JEP",
    "name": "Jersey Pound",
    "symbol": "£",
    "disambiguate_symbol": "JEP",
    "alternate_symbols": [],
    "subunit": "Penny",
    "subunit_to_unit": 100,
    "symbol_first": true,
    "html_entity": "&#x00A3;",
    "decimal_mark": ".",
    "thousands_separator": ",",
    "iso_numeric": "",
    "smallest_denomination": 1
  },
  "ggp": {
    "priority": 100,
    "iso_code": "GGP",
    "name": "Guernsey Pound",
    "symbol": "£",
    "disambiguate_symbol": "GGP",
    "alternate_symbols": [],
    "subunit": "Penny",
    "subunit_to_unit": 100,
    "symbol_first": true,
    "html_entity": "&#x00A3;",
    "decimal_mark": ".",
    "thousands_separator": ",",
    "iso_numeric": "",
    "smallest_denomination": 1
  },
  "imp": {
    "priority": 100,
    "iso_code": "IMP",
    "name": "Isle of Man Pound",
    "symbol": "£",
    "disambiguate_symbol": "IMP",
    "alternate_symbols": ["M£"],
    "subunit": "Penny",
    "subunit_to_unit": 100,
    "symbol_first": true,
    "html_entity": "&#x00A3;",
    "decimal_mark": ".",
    "thousands_separator": ",",
    "iso_numeric": "",
    "smallest_denomination": 1
  },
  "xfu": {
    "priority": 100,
    "iso_code": "XFU",
    "name": "UIC Franc",
    "symbol": "",
    "disambiguate_symbol": "XFU",
    "alternate_symbols": [],
    "subunit": "",
    "subunit_to_unit": 100,
    "symbol_first": true,
    "html_entity": "",
    "decimal_mark": ".",
    "thousands_separator": ",",
    "iso_numeric": "",
    "smallest_denomination": ""
  },
  "gbx": {
    "priority": 100,
    "iso_code": "GBX",
    "name": "British Penny",
    "symbol": "",
    "disambiguate_symbol": "GBX",
    "alternate_symbols": [],
    "subunit": "",
    "subunit_to_unit": 1,
    "symbol_first": true,
    "html_entity": "",
    "decimal_mark": ".",
    "thousands_separator": ",",
    "iso_numeric": "",
    "smallest_denomination": 1
  },
  "cnh": {
    "priority": 100,
    "iso_code": "CNH",
    "name": "Chinese Renminbi Yuan Offshore",
    "symbol": "¥",
    "disambiguate_symbol": "CNH",
    "alternate_symbols": ["CN¥", "元", "CN元"],
    "subunit": "Fen",
    "subunit_to_unit": 100,
    "symbol_first": true,
    "html_entity": "￥",
    "decimal_mark": ".",
    "thousands_separator": ",",
    "iso_numeric": "",
    "smallest_denomination": 1
  }
}
